,names,prices,specifications,ratings
0,"POCO C31 (Royal Blue, 64 GB)",9499,"4 GB RAM | 64 GB ROM | Expandable Upto 512 GB16.59 cm (6.53 inch) HD+ Display13MP + 2MP + 2MP | 5MP Front Camera5000 mAh Lithium-ion Polymer BatteryMediaTek Helio G35 Processor1 Year Warranty for Handset, 6 Months for Accessories",4.4
1,"realme C11 2021 (Cool Blue, 32 GB)",7499,2 GB RAM | 32 GB ROM | Expandable Upto 256 GB16.51 cm (6.5 inch) HD+ Display8MP Rear Camera | 5MP Front Camera5000 mAh BatteryOcta-core Processor1 Year Warranty for Mobile and 6 Months for Accessories,4.4
2,"realme C11 2021 (Cool Grey, 32 GB)",7499,2 GB RAM | 32 GB ROM | Expandable Upto 256 GB16.51 cm (6.5 inch) HD+ Display8MP Rear Camera | 5MP Front Camera5000 mAh BatteryOcta-core Processor1 Year Warranty for Mobile and 6 Months for Accessories,4.4
3,"realme C11 2021 (Cool Blue, 64 GB)",8999,4 GB RAM | 64 GB ROM | Expandable Upto 256 GB16.51 cm (6.5 inch) HD+ Display8MP Rear Camera | 5MP Front Camera5000 mAh BatteryOcta-core Processor1 Year Warranty for Mobile and 6 Months for Accessories,4.3
4,"realme C31 (Dark Green, 32 GB)",9299,3 GB RAM | 32 GB ROM | Expandable Upto 1 TB16.56 cm (6.52 inch) HD Display13MP + 2MP + 0.3MP | 5MP Front Camera5000 mAh BatteryUnisoc T612 Processor1 Year Warranty for Phone and 6 Months Warranty for In-Box Accessories,4.5
5,"realme C11 2021 (Cool Grey, 64 GB)",8999,4 GB RAM | 64 GB ROM | Expandable Upto 256 GB16.51 cm (6.5 inch) HD+ Display8MP Rear Camera | 5MP Front Camera5000 mAh BatteryOcta-core Processor1 Year Warranty for Mobile and 6 Months for Accessories,4.3
6,"POCO C31 (Royal Blue, 32 GB)",8499,"3 GB RAM | 32 GB ROM | Expandable Upto 512 GB16.59 cm (6.53 inch) HD+ Display13MP + 2MP + 2MP | 5MP Front Camera5000 mAh Lithium-ion Polymer BatteryMediaTek Helio G35 Processor1 Year Warranty for Handset, 6 Months for Accessories",4.4
7,"realme C31 (Light Silver, 32 GB)",9299,3 GB RAM | 32 GB ROM | Expandable Upto 1 TB16.56 cm (6.52 inch) HD Display13MP + 2MP + 0.3MP | 5MP Front Camera5000 mAh BatteryUnisoc T612 Processor1 Year Warranty for Phone and 6 Months Warranty for In-Box Accessories,4.5
8,"realme C31 (Dark Green, 64 GB)",9999,4 GB RAM | 64 GB ROM | Expandable Upto 1 TB16.56 cm (6.52 inch) HD Display13MP + 2MP + 0.3MP | 5MP Front Camera5000 mAh BatteryUnisoc T612 Processor1 Year Warranty for Phone and 6 Months Warranty for In-Box Accessories,4.4
9,"MOTOROLA G60 (Moonless, 128 GB)",15999,6 GB RAM | 128 GB ROM17.22 cm (6.78 inch) Full HD+ Display108MP + 8MP + 2MP | 32MP Front Camera6000 mAh BatteryQualcomm Snapdragon 732G Processor120Hz Refresh RateStock Android Experience1 Year on Handset and 6 Months on Accessories,4.2
10,"realme C35 (Glowing Black, 64 GB)",11999,4 GB RAM | 64 GB ROM | Expandable Upto 1 TB16.76 cm (6.6 inch) Full HD+ Display50MP + 2MP + 0.3MP | 8MP Front Camera5000 mAh Lithium Polymer BatteryUnisoc Tiger T616 Processor1 Year Warranty for Phone and 6 Months Warranty for In-Box Accessories,4.4
11,"realme C31 (Light Silver, 64 GB)",9999,4 GB RAM | 64 GB ROM | Expandable Upto 1 TB16.56 cm (6.52 inch) HD Display13MP + 2MP + 0.3MP | 5MP Front Camera5000 mAh BatteryUnisoc T612 Processor1 Year Warranty for Phone and 6 Months Warranty for In-Box Accessories,4.4
12,"vivo T1 5G (Rainbow Fantasy, 128 GB)",16990,6 GB RAM | 128 GB ROM | Expandable Upto 1 TB16.71 cm (6.58 inch) Full HD+ Display50MP + 2MP + 2MP | 16MP Front Camera5000 mAh Lithium BatteryQualcomm Snapdragon 695 Processor1 Year Handset and 6 Months Accessories,4.4
13,"vivo T1 5G (Starlight Black, 128 GB)",15990,4 GB RAM | 128 GB ROM | Expandable Upto 1 TB16.71 cm (6.58 inch) Full HD+ Display50MP + 2MP + 2MP | 16MP Front Camera5000 mAh Lithium BatteryQualcomm Snapdragon 695 Processor1 Year Handset and 6 Months Accessories,4.3
14,"vivo T1 5G (Starlight Black, 128 GB)",16990,6 GB RAM | 128 GB ROM | Expandable Upto 1 TB16.71 cm (6.58 inch) Full HD+ Display50MP + 2MP + 2MP | 16MP Front Camera5000 mAh Lithium BatteryQualcomm Snapdragon 695 Processor1 Year Handset and 6 Months Accessories,4.4
15,"vivo T1 5G (Rainbow Fantasy, 128 GB)",15990,4 GB RAM | 128 GB ROM | Expandable Upto 1 TB16.71 cm (6.58 inch) Full HD+ Display50MP + 2MP + 2MP | 16MP Front Camera5000 mAh Lithium BatteryQualcomm Snapdragon 695 Processor1 Year Handset and 6 Months Accessories,4.3
16,"realme Narzo 50A (Oxygen Green, 64 GB)",11649,4 GB RAM | 64 GB ROM | Expandable Upto 256 GB16.51 cm (6.5 inch) HD+ Display50MP + 2MP + 2MP | 8MP Front Camera6000 mAh BatteryMediaTek Helio G85 Processor1 Year Warranty for Mobile and 6 Months for Accessories,4.4
17,"realme 9 (Sunburst Gold, 128 GB)",17999,6 GB RAM | 128 GB ROM | Expandable Upto 256 GB16.26 cm (6.4 inch) Full HD+ AMOLED Display108MP + 8MP + 2MP | 16MP Front Camera5000 mAh Lithium Ion BatteryQualcomm Snapdragon 680 Processor1 Year Manufacturer Warranty for Phone and 6 Months Warranty for In-Box Accessories,4.3
18,"realme C35 (Glowing Green, 64 GB)",11999,4 GB RAM | 64 GB ROM | Expandable Upto 1 TB16.76 cm (6.6 inch) Full HD+ Display50MP + 2MP + 0.3MP | 8MP Front Camera5000 mAh Lithium Polymer BatteryUnisoc Tiger T616 Processor1 Year Warranty for Phone and 6 Months Warranty for In-Box Accessories,4.4
19,"realme C35 (Glowing Black, 128 GB)",12999,4 GB RAM | 128 GB ROM | Expandable Upto 1 TB16.76 cm (6.6 inch) Full HD+ Display50MP + 2MP + 0.3MP | 8MP Front Camera5000 mAh Lithium Polymer BatteryUnisoc Tiger T616 Processor1 Year Warranty for Phone and 6 Months Warranty for In-Box Accessories,4.4
20,"POCO C31 (Shadow Gray, 64 GB)",9499,"4 GB RAM | 64 GB ROM | Expandable Upto 512 GB16.59 cm (6.53 inch) HD+ Display13MP + 2MP + 2MP | 5MP Front Camera5000 mAh Lithium-ion Polymer BatteryMediaTek Helio G35 Processor1 Year Warranty for Handset, 6 Months for Accessories",4.4
21,"MOTOROLA G60 (Soft Silver, 128 GB)",15999,6 GB RAM | 128 GB ROM17.22 cm (6.78 inch) Full HD+ Display108MP + 8MP + 2MP | 32MP Front Camera6000 mAh BatteryQualcomm Snapdragon 732G Processor120Hz Refresh RateStock Android Experience1 Year on Handset and 6 Months on Accessories,4.2
22,"realme Narzo 50A (Oxygen Blue, 64 GB)",11649,4 GB RAM | 64 GB ROM | Expandable Upto 256 GB16.51 cm (6.5 inch) HD+ Display50MP + 2MP + 2MP | 8MP Front Camera6000 mAh BatteryMediaTek Helio G85 Processor1 Year Warranty for Mobile and 6 Months for Accessories,4.4
23,"realme Narzo 50A (Oxygen Blue, 128 GB)",12609,4 GB RAM | 128 GB ROM | Expandable Upto 256 GB16.51 cm (6.5 inch) HD+ Display50MP + 2MP + 2MP | 8MP Front Camera6000 mAh BatteryMediaTek Helio G85 Processor1 Year Warranty for Mobile and 6 Months for Accessories,4.4
24,"realme 9 (Stargaze White, 128 GB)",17999,6 GB RAM | 128 GB ROM | Expandable Upto 256 GB16.26 cm (6.4 inch) Full HD+ AMOLED Display108MP + 8MP + 2MP | 16MP Front Camera5000 mAh Lithium Ion BatteryQualcomm Snapdragon 680 Processor1 Year Manufacturer Warranty for Phone and 6 Months Warranty for In-Box Accessories,4.3
25,"POCO C31 (Shadow Gray, 32 GB)",8499,"3 GB RAM | 32 GB ROM | Expandable Upto 512 GB16.59 cm (6.53 inch) HD+ Display13MP + 2MP + 2MP | 5MP Front Camera5000 mAh Lithium-ion Polymer BatteryMediaTek Helio G35 Processor1 Year Warranty for Handset, 6 Months for Accessories",4.4
26,"MOTOROLA e40 (Pink Clay, 64 GB)",9999,4 GB RAM | 64 GB ROM | Expandable Upto 1 TB16.51 cm (6.5 inch) HD+ Display48MP + 2MP + 2MP | 8MP Front Camera5000 mAh BatteryUNISOC T700 Processor1 Year on Handset and 6 Months on Accessories,4.1
27,"POCO M4 Pro (Cool Blue, 128 GB)",16499,"6 GB RAM | 128 GB ROM | Expandable Upto 1 TB16.33 cm (6.43 inch) Full HD+ AMOLED Display64MP + 8MP + 2MP | 16MP Front Camera5000 mAh Lithium-ion Polymer BatteryMediatek Helio G96 ProcessorOne Year for Handset, 6 Months for Accessories",4.3
28,"REDMI 10 (Midnight Black, 64 GB)",10499,4 GB RAM | 64 GB ROM | Expandable Upto 1 TB17.02 cm (6.7 inch) HD+ Display50MP + 2MP | 5MP Front Camera6000 mAh Lithium Polymer BatteryQualcomm Snapdragon 680 Processor1 Year Warranty for Phone and 6 Months Warranty for In-Box Accessories,4.4
29,"REDMI Note 10T 5G (Mint Green, 64 GB)",11999,"4 GB RAM | 64 GB ROM16.66 cm (6.56 inch) Full HD+ Display48MP Primary Camera + 2MP Macro Lens + 2MP Depth Sensor | 8MP Front Camera5000 mAh Lithium Polymer BatteryMediatek Dimensity 700 ProcessorMax GPU Frequency: 950 MHz, Supports GAME Turbo 3.0, UFS2.2 Storage, Reading Mode 3.0, 360 Degree Ambient Light Sensors, Supports 18W Fast Charging1 Year Manufacturer Warranty for Phone and 6 Months Warranty for In the Box Accessories",4.5
30,"POCO M4 Pro (Cool Blue, 64 GB)",14999,"6 GB RAM | 64 GB ROM | Expandable Upto 1 TB16.33 cm (6.43 inch) Full HD+ AMOLED Display64MP + 8MP + 2MP | 16MP Front Camera5000 mAh Lithium-ion Polymer BatteryMediatek Helio G96 ProcessorOne Year for Handset, 6 Months for Accessories",4.3
31,"realme 9 (Stargaze White, 128 GB)",18999,8 GB RAM | 128 GB ROM | Expandable Upto 256 GB16.26 cm (6.4 inch) Full HD+ AMOLED Display108MP + 8MP + 2MP | 16MP Front Camera5000 mAh Lithium Ion BatteryQualcomm Snapdragon 680 Processor1 Year Manufacturer Warranty for Phone and 6 Months Warranty for In-Box Accessories,4.3
32,"realme 9 (Sunburst Gold, 128 GB)",18999,8 GB RAM | 128 GB ROM | Expandable Upto 256 GB16.26 cm (6.4 inch) Full HD+ AMOLED Display108MP + 8MP + 2MP | 16MP Front Camera5000 mAh Lithium Ion BatteryQualcomm Snapdragon 680 Processor1 Year Manufacturer Warranty for Phone and 6 Months Warranty for In-Box Accessories,4.3
33,"POCO M4 Pro (Power Black, 128 GB)",16499,"6 GB RAM | 128 GB ROM | Expandable Upto 1 TB16.33 cm (6.43 inch) Full HD+ AMOLED Display64MP + 8MP + 2MP | 16MP Front Camera5000 mAh Lithium-ion Polymer BatteryMediatek Helio G96 ProcessorOne Year for Handset, 6 Months for Accessories",4.3
34,"REDMI 10 (Pacific Blue, 64 GB)",10499,4 GB RAM | 64 GB ROM | Expandable Upto 1 TB17.02 cm (6.7 inch) HD+ Display50MP + 2MP | 5MP Front Camera6000 mAh Lithium Polymer BatteryQualcomm Snapdragon 680 Processor1 Year Warranty for Phone and 6 Months Warranty for In-Box Accessories,4.4
35,"realme 9i (Prism Black, 128 GB)",15049,4 GB RAM | 128 GB ROM | Expandable Upto 1 TB16.76 cm (6.6 inch) Full HD+ Display50MP + 2MP + 2MP | 16MP Front Camera5000 mAh Lithium ion BatteryQualcomm Snapdragon 680 (SM6225) Processor1 Year Manufacturer Warranty for Phone and 6 Months Warranty for in the Box Accessories,4.5
36,"SAMSUNG Galaxy F22 (Denim Blue, 64 GB)",11999,4 GB RAM | 64 GB ROM | Expandable Upto 1 TB16.26 cm (6.4 inch) HD+ Display48MP + 8MP + 2MP + 2MP | 13MP Front Camera6000 mAh Lithium-ion BatteryMediaTek Helio G80 Processor1 Year Warranty Provided by the Manufacturer from Date of Purchase,4.3
37,"REDMI 9i Sport (Coral Green, 64 GB)",8999,4 GB RAM | 64 GB ROM | Expandable Upto 512 GB16.59 cm (6.53 inch) HD+ Display13MP Rear Camera | 5MP Front Camera5000 mAh Li-Polymer BatteryMediaTek Helio G25 ProcessorBrand Warranty of 1 Year Available for Mobile and 6 Months for Accessories,4.4
38,"POCO M3 Pro 5G (Yellow, 64 GB)",14499,"4 GB RAM | 64 GB ROM | Expandable Upto 1 TB16.51 cm (6.5 inch) Full HD+ Display48MP + 2MP + 2MP | 8MP Front Camera5000 mAh Lithium-ion Polymer BatteryMediaTek Dimensity 700 ProcessorMultiple Hands-free Voice AssistantOne Year Warranty for Handset, 6 Months for Accessories",4.3
39,"REDMI 10 (Caribbean Green, 64 GB)",10499,4 GB RAM | 64 GB ROM | Expandable Upto 1 TB17.02 cm (6.7 inch) HD+ Display50MP + 2MP | 5MP Front Camera6000 mAh Lithium Polymer BatteryQualcomm Snapdragon 680 Processor1 Year Warranty for Phone and 6 Months Warranty for In-Box Accessories,4.4
40,"realme Narzo 30 5G (Racing Blue, 128 GB)",16999,6 GB RAM | 128 GB ROM | Expandable Upto 1 TB16.51 cm (6.5 inch) Full HD+ Display48MP + 2MP + 2MP | 16MP Front Camera5000 mAh BatteryMediaTek Dimensity 700 (MT6833) Processor1 Year Warranty for Mobile and 6 Months for Accessories,4.3
41,"POCO M4 Pro (Power Black, 64 GB)",14999,"6 GB RAM | 64 GB ROM | Expandable Upto 1 TB16.33 cm (6.43 inch) Full HD+ AMOLED Display64MP + 8MP + 2MP | 16MP Front Camera5000 mAh Lithium-ion Polymer BatteryMediatek Helio G96 ProcessorOne Year for Handset, 6 Months for Accessories",4.3
42,"SAMSUNG Galaxy F22 (Denim Black, 64 GB)",11999,4 GB RAM | 64 GB ROM | Expandable Upto 1 TB16.26 cm (6.4 inch) HD+ Display48MP + 8MP + 2MP + 2MP | 13MP Front Camera6000 mAh Lithium-ion BatteryMediaTek Helio G80 Processor1 Year Warranty Provided by the Manufacturer from Date of Purchase,4.3
43,"vivo T1 44W (Starry Sky, 128 GB)",15999,6 GB RAM | 128 GB ROM | Expandable Upto 1 TB16.36 cm (6.44 inch) Full HD+ AMOLED Display50MP + 2MP + 2MP | 16MP Front Camera5000 mAh Lithium BatteryQualcomm Snapdragon 680 Processor1 Year Handset and 6 Months Accessories,4.5
44,"vivo T1 44W (Ice Dawn, 128 GB)",14499,4 GB RAM | 128 GB ROM | Expandable Upto 1 TB16.36 cm (6.44 inch) Full HD+ AMOLED Display50MP + 2MP + 2MP | 16MP Front Camera5000 mAh Lithium BatteryQualcomm Snapdragon 680 Processor1 Year Handset and 6 Months Accessories,4.6
45,"vivo T1 44W (Starry Sky, 128 GB)",17999,8 GB RAM | 128 GB ROM | Expandable Upto 1 TB16.36 cm (6.44 inch) Full HD+ AMOLED Display50MP + 2MP + 2MP | 16MP Front Camera5000 mAh Lithium BatteryQualcomm Snapdragon 680 Processor1 Year Handset and 6 Months Accessories,4.3
46,"vivo T1 44W (Midnight Galaxy, 128 GB)",14499,4 GB RAM | 128 GB ROM | Expandable Upto 1 TB16.36 cm (6.44 inch) Full HD+ AMOLED Display50MP + 2MP + 2MP | 16MP Front Camera5000 mAh Lithium BatteryQualcomm Snapdragon 680 Processor1 Year Handset and 6 Months Accessories,4.6
47,"vivo T1 44W (Midnight Galaxy, 128 GB)",15999,6 GB RAM | 128 GB ROM | Expandable Upto 1 TB16.36 cm (6.44 inch) Full HD+ AMOLED Display50MP + 2MP + 2MP | 16MP Front Camera5000 mAh Lithium BatteryQualcomm Snapdragon 680 Processor1 Year Handset and 6 Months Accessories,4.5
48,"vivo T1 44W (Midnight Galaxy, 128 GB)",17999,8 GB RAM | 128 GB ROM | Expandable Upto 1 TB16.36 cm (6.44 inch) Full HD+ AMOLED Display50MP + 2MP + 2MP | 16MP Front Camera5000 mAh Lithium BatteryQualcomm Snapdragon 680 Processor1 Year Handset and 6 Months Accessories,4.3
49,"vivo T1 44W (Ice Dawn, 128 GB)",17999,8 GB RAM | 128 GB ROM | Expandable Upto 1 TB16.36 cm (6.44 inch) Full HD+ AMOLED Display50MP + 2MP + 2MP | 16MP Front Camera5000 mAh Lithium BatteryQualcomm Snapdragon 680 Processor1 Year Handset and 6 Months Accessories,4.3
50,"vivo T1 44W (Starry Sky, 128 GB)",14499,4 GB RAM | 128 GB ROM | Expandable Upto 1 TB16.36 cm (6.44 inch) Full HD+ AMOLED Display50MP + 2MP + 2MP | 16MP Front Camera5000 mAh Lithium BatteryQualcomm Snapdragon 680 Processor1 Year Handset and 6 Months Accessories,4.6
51,"POCO M3 Pro 5G (Power Black, 64 GB)",14499,"4 GB RAM | 64 GB ROM | Expandable Upto 1 TB16.51 cm (6.5 inch) Full HD+ Display48MP + 2MP + 2MP | 8MP Front Camera5000 mAh Lithium-ion Polymer BatteryMediaTek Dimensity 700 ProcessorMultiple Hands-free Voice AssistantOne Year Warranty for Handset, 6 Months for Accessories",4.3
52,"MOTOROLA G60 (Frosted Champagne, 128 GB)",15999,6 GB RAM | 128 GB ROM17.22 cm (6.78 inch) Full HD+ Display108MP + 8MP + 2MP | 32MP Front Camera6000 mAh BatteryQualcomm Snapdragon 732G Processor120Hz Refresh RateStock Android Experience1 Year on Handset and 6 Months on Accessories,4.2
53,"MOTOROLA g31 (Baby Blue, 64 GB)",10999,4 GB RAM | 64 GB ROM | Expandable Upto 1 TB16.26 cm (6.4 Inch) Full HD+ Display50MP + 8MP + 2MP | 13MP Front Camera5000 mAh LiPo BatteryMediatek Helio G85 Processor1 Year on Handset and 6 Months on Accessories,4.2
54,"REDMI Note 10T 5G (Graphite Black, 64 GB)",11999,"4 GB RAM | 64 GB ROM16.66 cm (6.56 inch) Full HD+ Display48MP Primary Camera + 2MP Macro Lens + 2MP Depth Sensor | 8MP Front Camera5000 mAh Lithium Polymer BatteryMediatek Dimensity 700 ProcessorMax GPU Frequency: 950 MHz, Supports GAME Turbo 3.0, UFS2.2 Storage, Reading Mode 3.0, 360 Degree Ambient Light Sensors, Supports 18W Fast Charging1 Year Manufacturer Warranty for Phone and 6 Months Warranty for In the Box Accessories",4.5
55,"MOTOROLA g52 (Charcoal Grey, 128 GB)",16499,6 GB RAM | 128 GB ROM16.76 cm (6.6 inch) Full HD+ Display50MP + 8MP + 2MP | 16MP Front Camera5000 mAh Lithium BatteryQualcomm Snapdragon 680 Processor1 Year on Handset and 6 Months on Accessories,4
56,"SAMSUNG Galaxy F22 (Denim Blue, 128 GB)",13999,6 GB RAM | 128 GB ROM | Expandable Upto 1 TB16.26 cm (6.4 inch) HD+ Display48MP + 8MP + 2MP + 2MP | 13MP Front Camera6000 mAh Lithium-ion BatteryMediaTek Helio G80 Processor1 Year Warranty Provided by the Manufacturer from Date of Purchase,4.3
57,"REDMI Note 10T 5G (Metallic Blue, 64 GB)",11999,"4 GB RAM | 64 GB ROM16.66 cm (6.56 inch) Full HD+ Display48MP Primary Camera + 2MP Macro Lens + 2MP Depth Sensor | 8MP Front Camera5000 mAh Lithium Polymer BatteryMediatek Dimensity 700 ProcessorMax GPU Frequency: 950 MHz, Supports GAME Turbo 3.0, UFS2.2 Storage, Reading Mode 3.0, 360 Degree Ambient Light Sensors, Supports 18W Fast Charging1 Year Manufacturer Warranty for Phone and 6 Months Warranty for In the Box Accessories",4.5
58,"realme Narzo 50i (Mint Green, 32 GB)",7599,2 GB RAM | 32 GB ROM | Expandable Upto 256 GB16.51 cm (6.5 inch) Display8MP Rear Camera | 5MP Front Camera5000 mAh BatterySC9863A Processor1 Year Warranty for Mobile and 6 Months for Accessories,4.5
59,"REDMI 9i Sport (Metallic Blue, 64 GB)",8999,4 GB RAM | 64 GB ROM | Expandable Upto 512 GB16.59 cm (6.53 inch) HD+ Display13MP Rear Camera | 5MP Front Camera5000 mAh Li-Polymer BatteryMediaTek Helio G25 ProcessorBrand Warranty of 1 Year Available for Mobile and 6 Months for Accessories,4.4
60,"realme C35 (Glowing Green, 128 GB)",12999,4 GB RAM | 128 GB ROM | Expandable Upto 1 TB16.76 cm (6.6 inch) Full HD+ Display50MP + 2MP + 0.3MP | 8MP Front Camera5000 mAh Lithium Polymer BatteryUnisoc Tiger T616 Processor1 Year Warranty for Phone and 6 Months Warranty for In-Box Accessories,4.4
61,"REDMI Note 10T 5G (Chromium White, 64 GB)",11999,"4 GB RAM | 64 GB ROM16.66 cm (6.56 inch) Full HD+ Display48MP Primary Camera + 2MP Macro Lens + 2MP Depth Sensor | 8MP Front Camera5000 mAh Lithium Polymer BatteryMediatek Dimensity 700 ProcessorMax GPU Frequency: 950 MHz, Supports GAME Turbo 3.0, UFS2.2 Storage, Reading Mode 3.0, 360 Degree Ambient Light Sensors, Supports 18W Fast Charging1 Year Manufacturer Warranty for Phone and 6 Months Warranty for In the Box Accessories",4.5
62,"REDMI Note 10T 5G (Mint Green, 128 GB)",13999,"6 GB RAM | 128 GB ROM16.66 cm (6.56 inch) Full HD+ Display48MP Primary Camera + 2MP Macro Lens + 2MP Depth Sensor | 8MP Front Camera5000 mAh Lithium Polymer BatteryMediatek Dimensity 700 ProcessorMax GPU Frequency: 950 MHz, Supports GAME Turbo 3.0, UFS2.2 Storage, Reading Mode 3.0, 360 Degree Ambient Light Sensors, Supports 18W Fast Charging1 Year Manufacturer Warranty for Phone and 6 Months Warranty for In the Box Accessories",4.3
63,"REDMI 10 (Midnight Black, 128 GB)",12499,6 GB RAM | 128 GB ROM | Expandable Upto 1 TB17.02 cm (6.7 inch) HD+ Display50MP + 2MP | 5MP Front Camera6000 mAh Lithium Polymer BatteryQualcomm Snapdragon 680 Processor1 Year Warranty for Phone and 6 Months Warranty for In-Box Accessories,4.2
64,"REDMI 9i Sport (Carbon Black, 64 GB)",8999,4 GB RAM | 64 GB ROM | Expandable Upto 512 GB16.59 cm (6.53 inch) HD+ Display13MP Rear Camera | 5MP Front Camera5000 mAh Li-Polymer BatteryMediaTek Helio G25 ProcessorBrand Warranty of 1 Year Available for Mobile and 6 Months for Accessories,4.4
65,"realme C21Y (Cross Black, 32 GB)",9599,3 GB RAM | 32 GB ROM | Expandable Upto 256 GB16.51 cm (6.5 inch) HD+ Display13MP + 2MP + 2MP | 5MP Front Camera5000 mAh BatteryUnisoc T610 Processor1 Year Warranty for Mobile and 6 Months for Accessories,4.6
66,"realme C21Y (Cross Black, 64 GB)",10599,4 GB RAM | 64 GB ROM | Expandable Upto 256 GB16.51 cm (6.5 inch) HD+ Display13MP + 2MP + 2MP | 5MP Front Camera5000 mAh BatteryUnisoc T610 Processor1 Year Warranty for Mobile and 6 Months for Accessories,4.5
67,"realme C21Y (Cross Blue, 64 GB)",10599,4 GB RAM | 64 GB ROM | Expandable Upto 256 GB16.51 cm (6.5 inch) HD+ Display13MP + 2MP + 2MP | 5MP Front Camera5000 mAh BatteryUnisoc T610 Processor1 Year Warranty for Mobile and 6 Months for Accessories,4.5
68,"SAMSUNG Galaxy F22 (Denim Black, 128 GB)",13999,6 GB RAM | 128 GB ROM | Expandable Upto 1 TB16.26 cm (6.4 inch) HD+ Display48MP + 8MP + 2MP + 2MP | 13MP Front Camera6000 mAh Lithium-ion BatteryMediaTek Helio G80 Processor1 Year Warranty Provided by the Manufacturer from Date of Purchase,4.3
69,"SAMSUNG Galaxy F12 (Sea Green, 64 GB)",11499,4 GB RAM | 64 GB ROM | Expandable Upto 512 GB16.55 cm (6.515 inch) HD+ Display48MP + 5MP + 2MP + 2MP | 8MP Front Camera6000 mAh Lithium-ion BatteryExynos 850 Processor1 Year Warranty Provided by the Manufacturer from Date of Purchase,4.3
70,"POCO M4 Pro (Yellow, 64 GB)",14999,"6 GB RAM | 64 GB ROM | Expandable Upto 1 TB16.33 cm (6.43 inch) Full HD+ AMOLED Display64MP + 8MP + 2MP | 16MP Front Camera5000 mAh Lithium-ion Polymer BatteryMediatek Helio G96 ProcessorOne Year for Handset, 6 Months for Accessories",4.3
71,"REDMI Note 10T 5G (Graphite Black, 128 GB)",13999,"6 GB RAM | 128 GB ROM16.66 cm (6.56 inch) Full HD+ Display48MP Primary Camera + 2MP Macro Lens + 2MP Depth Sensor | 8MP Front Camera5000 mAh Lithium Polymer BatteryMediatek Dimensity 700 ProcessorMax GPU Frequency: 950 MHz, Supports GAME Turbo 3.0, UFS2.2 Storage, Reading Mode 3.0, 360 Degree Ambient Light Sensors, Supports 18W Fast Charging1 Year Manufacturer Warranty for Phone and 6 Months Warranty for In the Box Accessories",4.3
72,LAVA A1 Super 2021,1049,32 MB RAM | 24 MB ROM | Expandable Upto 32 GB4.5 cm (1.77 inch) Quarter QVGA Display0.3MP Rear Camera800 mAh Li-ion Battery1 Year Manufacturer Replacement Guarantee for Phone and 6 months Replacement for Accessories in the Box,4.1
73,"REDMI Note 10T 5G (Metallic Blue, 128 GB)",13999,"6 GB RAM | 128 GB ROM16.66 cm (6.56 inch) Full HD+ Display48MP Primary Camera + 2MP Macro Lens + 2MP Depth Sensor | 8MP Front Camera5000 mAh Lithium Polymer BatteryMediatek Dimensity 700 ProcessorMax GPU Frequency: 950 MHz, Supports GAME Turbo 3.0, UFS2.2 Storage, Reading Mode 3.0, 360 Degree Ambient Light Sensors, Supports 18W Fast Charging1 Year Manufacturer Warranty for Phone and 6 Months Warranty for In the Box Accessories",4.3
74,"SAMSUNG Galaxy F23 5G (Aqua Blue, 128 GB)",16999,6 GB RAM | 128 GB ROM | Expandable Upto 1 TB16.76 cm (6.6 inch) Full HD+ Display50MP + 8MP + 2MP | 8MP Front Camera5000 mAh Lithium Ion BatteryQualcomm Snapdragon 750G Processor1 Year Warranty Provided by the Manufacturer from Date of Purchase,4.1
75,"MOTOROLA G60 (Dynamic Gray, 128 GB)",15999,6 GB RAM | 128 GB ROM17.27 cm (6.8 inch) Full HD+ Display108MP + 8MP + 2MP | 32MP Front Camera6000 mAh BatteryQualcomm Snapdragon 732G Processor120Hz Refresh RateStock Android Experience1 Year on Handset and 6 Months on Accessories,4.2
76,"OPPO K10 (Blue Flame, 128 GB)",14990,6 GB RAM | 128 GB ROM | Expandable Upto 1 TB16.74 cm (6.59 inch) Full HD+ Display50MP + 2MP + 2MP | 16MP Front Camera5000 mAh Lithium Ion BatteryQualcomm Snapdragon 680 Processor33W SUPERVOOC Charger | Dual Speaker | Super Adaptive Refresh RateAI Photo Suite | OPPO Glow Design with Dirt and Scratch Resistant1 Year Manufacturer Warranty for Phone and 6 Months Warranty for In-Box Accessories,4.5
77,"OPPO K10 (Black Carbon, 128 GB)",14990,6 GB RAM | 128 GB ROM | Expandable Upto 1 TB16.74 cm (6.59 inch) Full HD+ Display50MP + 2MP + 2MP | 16MP Front Camera5000 mAh Lithium Ion BatteryQualcomm Snapdragon 680 Processor33W SUPERVOOC Charger | Dual Speaker | Super Adaptive Refresh RateAI Photo Suite | OPPO Glow Design with Dirt and Scratch Resistant1 Year Manufacturer Warranty for Phone and 6 Months Warranty for In-Box Accessories,4.5
78,"POCO M4 Pro (Yellow, 128 GB)",16499,"6 GB RAM | 128 GB ROM | Expandable Upto 1 TB16.33 cm (6.43 inch) Full HD+ AMOLED Display64MP + 8MP + 2MP | 16MP Front Camera5000 mAh Lithium-ion Polymer BatteryMediatek Helio G96 ProcessorOne Year for Handset, 6 Months for Accessories",4.3
79,"realme C21Y (Cross Blue, 32 GB)",9599,3 GB RAM | 32 GB ROM | Expandable Upto 256 GB16.51 cm (6.5 inch) HD+ Display13MP + 2MP + 2MP | 5MP Front Camera5000 mAh BatteryUnisoc T610 Processor1 Year Warranty for Mobile and 6 Months for Accessories,4.6
80,"vivo Y53s (Deep Sea Blue, 128 GB)",15990,8 GB RAM | 128 GB ROM | Expandable Upto 1 TB16.71 cm (6.58 inch) Full HD+ Display64MP + 2MP + 2MP | 16MP Front Camera5000 mAh BatteryMediaTek Helio G80 Processor1 Year Warranty for Handset and 6 Months for In-box Accessories,4.3
81,"vivo T1 5G (Starlight Black, 128 GB)",19990,8 GB RAM | 128 GB ROM | Expandable Upto 1 TB16.71 cm (6.58 inch) Full HD+ Display50MP + 2MP + 2MP | 16MP Front Camera5000 mAh Lithium BatteryQualcomm Snapdragon 695 Processor1 Year Handset and 6 Months Accessories,4.3
82,"vivo T1 5G (Rainbow Fantasy, 128 GB)",19990,8 GB RAM | 128 GB ROM | Expandable Upto 1 TB16.71 cm (6.58 inch) Full HD+ Display50MP + 2MP + 2MP | 16MP Front Camera5000 mAh Lithium BatteryQualcomm Snapdragon 695 Processor1 Year Handset and 6 Months Accessories,4.3
83,"MOTOROLA g52 (Metallic White, 128 GB)",16499,6 GB RAM | 128 GB ROM16.76 cm (6.6 inch) Full HD+ Display50MP + 8MP + 2MP | 16MP Front Camera5000 mAh Lithium BatteryQualcomm Snapdragon 680 Processor1 Year on Handset and 6 Months on Accessories,4
84,"REDMI Note 10S (Deep Sea Blue, 64 GB)",12999,6 GB RAM | 64 GB ROM | Expandable Upto 512 GB16.33 cm (6.43 inch) Full HD+ Super AMOLED Display64MP + 8MP + 2MP + 2MP | 13MP Front Camera5000 mAh Lithium-Ploymer BatteryMediatek Helio G95 Processor1 Year Manufacturer Warranty for Phone and 6 Months Warranty for In the Box Accessories,4.4
85,"Infinix Smart 6 (Starry Purple, 64 GB)",7499,2 GB RAM | 64 GB ROM | Expandable Upto 512 GB16.76 cm (6.6 inch) HD+ Display8 MP + Depth Lens | 5MP Front Camera5000 mAh Li-ion Polymer BatteryMediatek Helio A22 Processor1 Year on Handset and 6 Months on Accessories,4.4
86,"realme Narzo 50i (Carbon Black, 64 GB)",8999,4 GB RAM | 64 GB ROM | Expandable Upto 256 GB16.51 cm (6.5 inch) Display8MP Rear Camera | 5MP Front Camera5000 mAh BatterySC9863A Processor1 Year Warranty for Mobile and 6 Months for Accessories,4.3
87,"realme Narzo 50i (Mint Green, 64 GB)",8999,4 GB RAM | 64 GB ROM | Expandable Upto 256 GB16.51 cm (6.5 inch) Display8MP Rear Camera | 5MP Front Camera5000 mAh BatterySC9863A Processor1 Year Warranty for Mobile and 6 Months for Accessories,4.3
88,"REDMI 10A (Slate Grey, 32 GB)",8990,3 GB RAM | 32 GB ROM16.59 cm (6.53 inch) Display13MP Rear Camera5000 mAh Battery12 months,4.3
89,"SAMSUNG Galaxy F23 5G (Copper Blush, 128 GB)",16999,6 GB RAM | 128 GB ROM | Expandable Upto 1 TB16.76 cm (6.6 inch) Full HD+ Display50MP + 8MP + 2MP | 8MP Front Camera5000 mAh Lithium Ion BatteryQualcomm Snapdragon 750G Processor1 Year Warranty Provided by the Manufacturer from Date of Purchase,4.1
90,"REDMI 10 (Pacific Blue, 128 GB)",12499,6 GB RAM | 128 GB ROM | Expandable Upto 1 TB17.02 cm (6.7 inch) HD+ Display50MP + 2MP | 5MP Front Camera6000 mAh Lithium Polymer BatteryQualcomm Snapdragon 680 Processor1 Year Warranty for Phone and 6 Months Warranty for In-Box Accessories,4.2
91,"POCO M3 Pro 5G (Yellow, 128 GB)",16499,"6 GB RAM | 128 GB ROM | Expandable Upto 1 TB16.51 cm (6.5 inch) Full HD+ Display48MP + 2MP + 2MP | 8MP Front Camera5000 mAh Lithium-ion Polymer BatteryMediaTek Dimensity 700 ProcessorMultiple Hands-free Voice AssistantOne Year Warranty for Handset, 6 Months for Accessories",4.2
92,"MOTOROLA g31 (Meteorite Grey, 64 GB)",10999,4 GB RAM | 64 GB ROM | Expandable Upto 1 TB16.26 cm (6.4 inch) Full HD+ Display50MP + 8MP + 2MP | 13MP Front Camera5000 mAh LiPo BatteryMediatek Helio G85 Processor1 Year on Handset and 6 Months on Accessories,4.2
93,"MOTOROLA g52 (Charcoal Grey, 64 GB)",14499,4 GB RAM | 64 GB ROM16.76 cm (6.6 inch) Full HD+ Display50MP + 8MP + 2MP | 16MP Front Camera5000 mAh Lithium BatteryQualcomm Snapdragon 680 Processor1 Year on Handset and 6 Months on Accessories,4.1
94,"POCO M4 5G (Cool Blue, 128 GB)",14999,6 GB RAM | 128 GB ROM | Expandable Upto 512 GB16.71 cm (6.58 inch) Full HD+ Display50MP + 2MP | 8MP Front Camera5000 mAh Lithium Ion Polymer BatteryMediatek Dimensity 700 Processor1 Year Warranty for Handset and 6 Months for Accessories,4.1
95,"REDMI Note 10T 5G (Chromium White, 128 GB)",13999,"6 GB RAM | 128 GB ROM16.66 cm (6.56 inch) Full HD+ Display48MP Primary Camera + 2MP Macro Lens + 2MP Depth Sensor | 8MP Front Camera5000 mAh Lithium Polymer BatteryMediatek Dimensity 700 ProcessorMax GPU Frequency: 950 MHz, Supports GAME Turbo 3.0, UFS2.2 Storage, Reading Mode 3.0, 360 Degree Ambient Light Sensors, Supports 18W Fast Charging1 Year Manufacturer Warranty for Phone and 6 Months Warranty for In the Box Accessories",4.3
96,"vivo Y53s (Fantastic Rainbow, 128 GB)",15990,8 GB RAM | 128 GB ROM | Expandable Upto 1 TB16.71 cm (6.58 inch) Full HD+ Display64MP + 2MP + 2MP | 16MP Front Camera5000 mAh BatteryMediaTek Helio G80 Processor1 Year Warranty for Handset and 6 Months for In-box Accessories,4.3
97,"realme Narzo 30 5G (Racing Silver, 128 GB)",16999,6 GB RAM | 128 GB ROM | Expandable Upto 1 TB16.51 cm (6.5 inch) Full HD+ Display48MP + 2MP + 2MP | 16MP Front Camera5000 mAh BatteryMediaTek Dimensity 700 (MT6833) Processor1 Year Warranty for Mobile and 6 Months for Accessories,4.3
98,"POCO M3 Pro 5G (Cool Blue, 128 GB)",16499,"6 GB RAM | 128 GB ROM | Expandable Upto 1 TB16.51 cm (6.5 inch) Full HD+ Display48MP + 2MP + 2MP | 8MP Front Camera5000 mAh Lithium-ion Polymer BatteryMediaTek Dimensity 700 ProcessorMultiple Hands-free Voice AssistantOne Year Warranty for Handset, 6 Months for Accessories",4.2
99,"Infinix Hot 11 2022 (Aurora Green, 64 GB)",9999,4 GB RAM | 64 GB ROM | Expandable Upto 1 TB17.02 cm (6.7 inch) Full HD+ Display13 MP + 2 MP Depth Lens | 8MP Front Camera5000 mAh Li-ion Polymer BatteryUniSoc T610 Processor1 Year on Handset and 6 Months on Accessories,4.2
100,"REDMI Note 10S (Cosmic Purple, 64 GB)",12999,6 GB RAM | 64 GB ROM | Expandable Upto 512 GB16.33 cm (6.43 inch) Full HD+ Super AMOLED Display64MP + 8MP + 2MP + 2MP | 13MP Front Camera5000 mAh Lithium-Ploymer BatteryMediatek Helio G95 Processor1 Year Manufacturer Warranty for Phone and 6 Months Warranty for In the Box Accessories,4.4
101,"SAMSUNG Galaxy M33 5G (Deep Ocean Blue, 128 GB)",16631,6 GB RAM | 128 GB ROM16.76 cm (6.6 inch) Display50MP Rear Camera6000 mAh Battery12 months,4
102,"Infinix Smart 6 (Polar Black, 64 GB)",7499,2 GB RAM | 64 GB ROM | Expandable Upto 512 GB16.76 cm (6.6 inch) HD+ Display8 MP + Depth Lens | 5MP Front Camera5000 mAh Li-ion Polymer BatteryMediatek Helio A22 Processor1 Year on Handset and 6 Months on Accessories,4.4
103,"realme 9i (Prism Blue, 128 GB)",15049,4 GB RAM | 128 GB ROM | Expandable Upto 1 TB16.76 cm (6.6 inch) Full HD+ Display50MP + 2MP + 2MP | 16MP Front Camera5000 mAh Lithium ion BatteryQualcomm Snapdragon 680 (SM6225) Processor1 Year Manufacturer Warranty for Phone and 6 Months Warranty for in the Box Accessories,4.5
104,"realme 9 (Meteor Black, 128 GB)",17999,6 GB RAM | 128 GB ROM | Expandable Upto 256 GB16.26 cm (6.4 inch) Full HD+ AMOLED Display108MP + 8MP + 2MP | 16MP Front Camera5000 mAh Lithium Ion BatteryQualcomm Snapdragon 680 Processor1 Year Manufacturer Warranty for Phone and 6 Months Warranty for In-Box Accessories,4.3
105,"realme 9 (Meteor Black, 128 GB)",18999,8 GB RAM | 128 GB ROM | Expandable Upto 256 GB16.26 cm (6.4 inch) Full HD+ AMOLED Display108MP + 8MP + 2MP | 16MP Front Camera5000 mAh Lithium Ion BatteryQualcomm Snapdragon 680 Processor1 Year Manufacturer Warranty for Phone and 6 Months Warranty for In-Box Accessories,4.3
106,LAVA A1 Josh 2021,1011,0 MB ROM | Expandable Upto 32 GB4.5 cm (1.77 inch) Quarter QVGA Display800 mAh Li-ion Battery1 Year Manufacturer Replacement Guarantee for Phone and 6 months Replacement for Accessories in the Box,4.1
107,"REDMI 10A (Sea Blue, 64 GB)",9620,4 GB RAM | 64 GB ROM16.59 cm (6.53 inch) Display13MP Rear Camera5000 mAh Battery12 months,4.4
108,"REDMI 10A (Slate grey, 64 GB)",9501,4 GB RAM | 64 GB ROM16.59 cm (6.53 inch) Display13MP Rear Camera5000 mAh Battery12 months,4.4
109,"MOTOROLA e40 (Carbon Gray, 64 GB)",9999,4 GB RAM | 64 GB ROM | Expandable Upto 1 TB16.51 cm (6.5 inch) HD+ Display48MP + 2MP + 2MP | 8MP Front Camera5000 mAh BatteryUNISOC T700 Processor1 Year on Handset and 6 Months on Accessories,4.1
110,"vivo T1 Pro 5G (Turbo Black, 128 GB)",24999,8 GB RAM | 128 GB ROM16.36 cm (6.44 inch) Full HD+ AMOLED Display64MP + 8MP + 2MP | 16MP Front Camera4700 mAh Lithium BatteryQualcomm Snapdragon 778G 5G Mobile Platform Processor1 Year Handset and 6 Months Accessories,4.4
111,"MOTOROLA g52 (Metallic White, 64 GB)",14499,4 GB RAM | 64 GB ROM16.76 cm (6.6 inch) Full HD+ Display50MP + 8MP + 2MP | 16MP Front Camera5000 mAh Lithium BatteryQualcomm Snapdragon 680 Processor1 Year on Handset and 6 Months on Accessories,4.1
112,"vivo T1 Pro 5G (Turbo Cyan, 128 GB)",24999,8 GB RAM | 128 GB ROM16.36 cm (6.44 inch) Full HD+ AMOLED Display64MP + 8MP + 2MP | 16MP Front Camera4700 mAh Lithium BatteryQualcomm Snapdragon 778G 5G Mobile Platform Processor1 Year Handset and 6 Months Accessories,4.4
113,"POCO M3 Pro 5G (Cool Blue, 64 GB)",14499,"4 GB RAM | 64 GB ROM | Expandable Upto 1 TB16.51 cm (6.5 inch) Full HD+ Display48MP + 2MP + 2MP | 8MP Front Camera5000 mAh Lithium-ion Polymer BatteryMediaTek Dimensity 700 ProcessorMultiple Hands-free Voice AssistantOne Year Warranty for Handset, 6 Months for Accessories",4.3
114,"realme 9 Pro 5G (Midnight Black, 128 GB)",19049,6 GB RAM | 128 GB ROM | Expandable Upto 256 GB16.76 cm (6.6 inch) Full HD+ Display64MP + 8MP + 2MP | 16MP Front Camera5000 mAh Li-ion BatteryQualcomm Snapdragon 695 Processor1 Year Warranty for Phone and 6 Months Warranty for In-Box Accessories,4.3
115,"realme C20 (Cool Grey, 32 GB)",7499,2 GB RAM | 32 GB ROM | Expandable Upto 256 GB16.51 cm (6.5 inch) HD+ Display8MP Rear Camera | 5MP Front Camera5000 mAh BatteryMediaTek Helio G35 Processor1 Year Warranty for Mobile and 6 Months for Accessories,4.4
116,"realme C20 (Cool Blue, 32 GB)",7499,2 GB RAM | 32 GB ROM | Expandable Upto 256 GB16.51 cm (6.5 inch) HD+ Display8MP Rear Camera | 5MP Front Camera5000 mAh BatteryMediaTek Helio G35 Processor1 Year Warranty for Mobile and 6 Months for Accessories,4.4
117,"SAMSUNG Galaxy F12 (Sky Blue, 64 GB)",11499,4 GB RAM | 64 GB ROM | Expandable Upto 512 GB16.55 cm (6.515 inch) HD+ Display48MP + 5MP + 2MP + 2MP | 8MP Front Camera6000 mAh Lithium-ion BatteryExynos 850 Processor1 Year Warranty Provided by the Manufacturer from Date of Purchase,4.3
118,"SAMSUNG Galaxy F23 5G (Forest Green, 128 GB)",16999,6 GB RAM | 128 GB ROM | Expandable Upto 1 TB16.76 cm (6.6 inch) Full HD+ Display50MP + 8MP + 2MP | 8MP Front Camera5000 mAh Lithium Ion BatteryQualcomm Snapdragon 750G Processor1 Year Warranty Provided by the Manufacturer from Date of Purchase,4.1
119,"realme Narzo 50A (Oxygen Green, 128 GB)",12609,4 GB RAM | 128 GB ROM | Expandable Upto 256 GB16.51 cm (6.5 inch) HD+ Display50MP + 2MP + 2MP | 8MP Front Camera6000 mAh BatteryMediaTek Helio G85 Processor1 Year Warranty for Mobile and 6 Months for Accessories,4.4
120,LAVA A3,1199,4 MB RAM | 3 MB ROM | Expandable Upto 32 GB4.5 cm (1.77 inch) Display0.3MP Rear Camera1750 mAh Battery1 year manufacturer Replacement for device and 6 months manufacturer warranty for in-box accessories including batteries from the date of purchase,4.2
121,"POCO M3 Pro 5G (Cool Blue, 64 GB)",14499,"4 GB RAM | 64 GB ROM | Expandable Upto 1 TB16.51 cm (6.5 inch) Full HD+ Display48MP + 2MP + 2MP | 8MP Front Camera5000 mAh Lithium-ion Polymer BatteryMediaTek Dimensity 700 ProcessorMultiple Hands-free Voice AssistantOne Year Warranty for Handset, 6 Months for Accessories",4.3
122,"POCO M4 5G (Power Black, 64 GB)",12999,4 GB RAM | 64 GB ROM | Expandable Upto 512 GB16.71 cm (6.58 inch) Full HD+ Display50MP + 2MP | 8MP Front Camera5000 mAh Lithium Ion Polymer BatteryMediatek Dimensity 700 Processor1 Year Warranty for Handset and 6 Months for Accessories,4.3
123,Nokia 105 SS 2021,1344,4 MB RAM | 4 MB ROM4.5 cm (1.77 inch) Quarter QVGA Display800 mAh Lithium Ion BatteryBrand Warranty of 1 Year Available for Mobile,4.2
124,"MOTOROLA g31 (Baby Blue, 128 GB)",12999,6 GB RAM | 128 GB ROM | Expandable Upto 1 TB16.26 cm (6.4 inch) Full HD+ Display50MP + 8MP + 2MP | 13MP Front Camera5000 mAh LiPo BatteryMediatek Helio G85 Processor1 Year on Handset and 6 Months on Accessories,4.1
125,"MOTOROLA g31 (Meteorite Grey, 128 GB)",12999,6 GB RAM | 128 GB ROM | Expandable Upto 1 TB16.26 cm (6.4 inch) Full HD+ Display50MP + 8MP + 2MP | 13MP Front Camera5000 mAh LiPo BatteryMediatek Helio G85 Processor1 Year on Handset and 6 Months on Accessories,4.1
126,"REDMI 9i (Midnight Black, 64 GB)",8999,4 GB RAM | 64 GB ROM | Expandable Upto 512 GB16.59 cm (6.53 inch) HD+ Display13MP Rear Camera | 5MP Front Camera5000 mAh Lithium Polymer BatteryMediaTek Helio G25 ProcessorBrand Warranty of 1 Year Available for Mobile and 6 Months for Accessories,4.3
127,"vivo Y21G (Midnight Blue, 64 GB)",13499,4 GB RAM | 64 GB ROM | Expandable Upto 1 TB16.54 cm (6.51 inch) HD+ Display13MP + 2MP | 8MP Front Camera5000 mAh Lithium BatteryMediatek MT6769 Helio G70 Processor1 Year for Device & 6 Months for In-Box Accessories,4.4
128,"REDMI Note 10S (Shadow Black, 64 GB)",12999,6 GB RAM | 64 GB ROM | Expandable Upto 512 GB16.33 cm (6.43 inch) Full HD+ Super AMOLED Display64MP + 8MP + 2MP + 2MP | 13MP Front Camera5000 mAh Lithium-Ploymer BatteryMediatek Helio G95 Processor1 Year Manufacturer Warranty for Phone and 6 Months Warranty for In the Box Accessories,4.4
129,"SAMSUNG Galaxy F12 (Sea Green, 64 GB)",11499,4 GB RAM | 64 GB ROM | Expandable Upto 512 GB16.55 cm (6.515 inch) HD+ Display48MP + 5MP + 2MP + 2MP | 8MP Front Camera6000 mAh Lithium-ion BatteryExynos 850 Processor1 Year Warranty Provided by the Manufacturer from Date of Purchase,4.3
130,LAVA A3,1199,0 GB ROM | Expandable Upto 32 GB4.5 cm (1.77 inch) Display0.3MP Rear Camera1750 mAh Battery1 year manufacturer Replacement for device and 6 months manufacturer warranty for in-box accessories including batteries from the date of purchase,4.2
131,"Redmi Note 11 (Starburst White, 64 GB)",12949,4 GB RAM | 64 GB ROM16.33 cm (6.43 inch) Display50MP Rear Camera5000 mAh Battery12 months,4.2
132,"realme 9 Pro 5G (Sunrise Blue, 128 GB)",19049,6 GB RAM | 128 GB ROM | Expandable Upto 256 GB16.76 cm (6.6 inch) Full HD+ Display64MP + 8MP + 2MP | 16MP Front Camera5000 mAh Li-ion BatteryQualcomm Snapdragon 695 Processor1 Year Warranty for Phone and 6 Months Warranty for In-Box Accessories,4.3
133,"realme 9 Pro 5G (Aurora Green, 128 GB)",19049,6 GB RAM | 128 GB ROM | Expandable Upto 256 GB16.76 cm (6.6 inch) Full HD+ Display64MP + 8MP + 2MP | 16MP Front Camera5000 mAh Li-ion BatteryQualcomm Snapdragon 695 Processor1 Year Warranty for Phone and 6 Months Warranty for In-Box Accessories,4.3
134,"realme C20 (Cool Grey, 32 GB)",7499,2 GB RAM | 32 GB ROM | Expandable Upto 256 GB16.51 cm (6.5 inch) HD+ Display8MP Rear Camera | 5MP Front Camera5000 mAh BatteryMediaTek Helio G35 Processor1 Year Warranty for Mobile and 6 Months for Accessories,4.4
135,"realme 9 Pro 5G (Midnight Black, 128 GB)",19049,6 GB RAM | 128 GB ROM | Expandable Upto 256 GB16.76 cm (6.6 inch) Full HD+ Display64MP + 8MP + 2MP | 16MP Front Camera5000 mAh Li-ion BatteryQualcomm Snapdragon 695 Processor1 Year Warranty for Phone and 6 Months Warranty for In-Box Accessories,4.3
136,"realme C20 (Cool Blue, 32 GB)",7499,2 GB RAM | 32 GB ROM | Expandable Upto 256 GB16.51 cm (6.5 inch) HD+ Display8MP Rear Camera | 5MP Front Camera5000 mAh BatteryMediaTek Helio G35 Processor1 Year Warranty for Mobile and 6 Months for Accessories,4.4
137,SAMSUNG Guru Music 2,1999,0.53 RAM | NA KB ROM | Expandable Upto 16 GB5.08 cm (2 inch) QVGA Display0MP Front Camera800 mAh BatteryNA 0 Single Core 208MHz Processor1 Year Manufacturer Warranty,4.1
138,Nokia TA-1174 / TA-1299,1499,4 MB RAM | 4 MB ROM4.57 cm (1.8 inch) Display800 mAh Battery1 Year Manufacturer Warranty,4.2
139,"Redmi 9A Sport (Metallic Blue, 32 GB)",7005,2 GB RAM | 32 GB ROM | Expandable Upto 512 GB16.59 cm (6.53 inch) HD+ Display13MP Rear Camera | 5MP Front Camera5000 mAh BatteryMediaTek Helio G25 Processor1 year manufacturer warranty for device and 6 months manufacturer warranty for in-box accessories including batteries from the date of purchase,4.2
140,"realme 9 5G (Meteor Black, 64 GB)",16049,4 GB RAM | 64 GB ROM | Expandable Upto 1 TB16.51 cm (6.5 inch) Full HD+ Display48MP + 2MP + 2MP | 16MP Front Camera5000 mAh Lithium Polymer BatteryMediatek Dimensity 810 Processor1 Year Warranty for Phone and 6 Months Warranty for In-Box Accessories,4.4
141,"SAMSUNG Galaxy A52 (Awesome Blue, 128 GB)",22878,6 GB RAM | 128 GB ROM | Expandable Upto 1 TB16.51 cm (6.5 inch) Full HD+ Display64MP + 12MP + 5MP + 5MP | 32MP Front Camera4500 mAh Lithium-ion BatteryQualcomm Snapdragon 720G Processor1 Year Warranty Provided by the Manufacturer from Date of Purchase,4.3
142,"Redmi 9A Sport (Metallic Blue, 32 GB)",7970,3 GB RAM | 32 GB ROM | Expandable Upto 512 GB16.59 cm (6.53 inch) HD+ Display13MP Rear Camera | 5MP Front Camera5000 mAh BatteryMediaTek Helio G25 Processor1 year manufacturer warranty for device and 6 months manufacturer warranty for in-box accessories including batteries from the date of purchase,4.3
143,"Redmi 9A Sport (Carbon Black, 32 GB)",7724,3 GB RAM | 32 GB ROM | Expandable Upto 512 GB16.59 cm (6.53 inch) HD+ Display13MP Rear Camera | 5MP Front Camera5000 mAh BatteryMediaTek Helio G25 Processor1 year manufacturer warranty for device and 6 months manufacturer warranty for in-box accessories including batteries from the date of purchase,4.3
144,SAMSUNG GT-E1215,1505,NA ROM3.81 cm (1.5 inch) NA Display800 mAh Battery0 0 0 0 Processor Processor1 Year for Mobile & 6 Months for Accessories,4.3
145,"POCO X3 Pro (Steel Blue, 128 GB)",21999,"8 GB RAM | 128 GB ROM | Expandable Upto 1 TB16.94 cm (6.67 inch) Full HD+ Display48MP + 8MP + 2MP + 2MP | 20MP Front Camera5160 mAh Lithium-ion Polymer BatteryQualcomm Snapdragon 860 ProcessorMultiple Hands-free Voice AssistantsOne Year Warranty for Handset, 6 Months for Accessories",4.4
146,"REDMI Note 10 Pro (Dark Nebula, 128 GB)",15999,6 GB RAM | 128 GB ROM | Expandable Upto 512 GB16.94 cm (6.67 inch) Full HD+ Super AMOLED Display64MP + 8MP + 5MP + 2MP | 16MP Front Camera5020 mAh Li-Polymer BatteryQualcomm Snapdragon 732G Processor1 Year Manufacturer Warranty for Phone and 6 Months Warranty for In the Box Accessories,4.3
147,"vivo T1 Pro 5G (Turbo Black, 128 GB)",23999,6 GB RAM | 128 GB ROM16.36 cm (6.44 inch) Full HD+ AMOLED Display64MP + 8MP + 2MP | 16MP Front Camera4700 mAh Lithium BatteryQualcomm Snapdragon 778G 5G Mobile Platform Processor1 Year Handset and 6 Months Accessories,4.3
148,"POCO M4 5G (Cool Blue, 64 GB)",12999,4 GB RAM | 64 GB ROM | Expandable Upto 512 GB16.71 cm (6.58 inch) Full HD+ Display50MP + 2MP | 8MP Front Camera5000 mAh Lithium Ion Polymer BatteryMediatek Dimensity 700 Processor1 Year Warranty for Handset and 6 Months for Accessories,4.3
149,"Redmi Note 11 (Starburst White, 64 GB)",14180,6 GB RAM | 64 GB ROM16.33 cm (6.43 inch) Display50MP Rear Camera5000 mAh Battery12 months,4.2
150,"SAMSUNG Galaxy M12 (Blue, 128 GB)",13128,6 GB RAM | 128 GB ROM16.51 cm (6.5 inch) Display48MP Rear Camera6000 mAh Battery1 Year,4.2
151,LAVA A1 Josh 2021,1011,0 MB ROM | Expandable Upto 32 GB4.5 cm (1.77 inch) Quarter QVGA Display800 mAh Li-ion Battery1 Year Manufacturer Replacement Guarantee for Phone and 6 months Replacement for Accessories in the Box,4.1
152,Kechaoda K66 The Music House 4,1147,32 MB RAM | 64 MB ROM | Expandable Upto 32 GB4.57 cm (1.8 inch) Display1.3MP Rear Camera400 mAh Battery1 Year Brand Service Center Warranty,3.9
153,"REDMI Note 10 Pro (Glacial Blue, 128 GB)",15999,6 GB RAM | 128 GB ROM | Expandable Upto 512 GB16.94 cm (6.67 inch) Full HD+ Super AMOLED Display64MP + 8MP + 5MP + 2MP | 16MP Front Camera5020 mAh Li-Polymer BatteryQualcomm Snapdragon 732G Processor1 Year Manufacturer Warranty for Phone and 6 Months Warranty for In the Box Accessories,4.3
154,"POCO M3 Pro 5G (Power Black, 64 GB)",14499,"4 GB RAM | 64 GB ROM | Expandable Upto 1 TB16.51 cm (6.5 inch) Full HD+ Display48MP + 2MP + 2MP | 8MP Front Camera5000 mAh Lithium-ion Polymer BatteryMediaTek Dimensity 700 ProcessorMultiple Hands-free Voice AssistantOne Year Warranty for Handset, 6 Months for Accessories",4.3
155,"Infinix Hot 11S (Silver Wave, 64 GB)",10999,4 GB RAM | 64 GB ROM | Expandable Upto 256 GB17.22 cm (6.78 inch) Full HD+ Display50 MP + 2 MP + AI Lens | 8MP Front Camera5000 mAh Li-ion Polymer BatteryMediatek Helio G88 Processor1 Year on Handset and 6 Months on Accessories,4.3
156,"OPPO K10 (Black Carbon, 128 GB)",16990,8 GB RAM | 128 GB ROM | Expandable Upto 1 TB16.74 cm (6.59 inch) Full HD+ Display50MP + 2MP + 2MP | 16MP Front Camera5000 mAh Lithium Ion BatteryQualcomm Snapdragon 680 Processor33W SUPERVOOC Charger | Dual Speaker | Super Adaptive Refresh RateAI Photo Suite | OPPO Glow Design with Dirt and Scratch Resistant1 Year Manufacturer Warranty for Phone and 6 Months Warranty for In-Box Accessories,4.4
157,"SAMSUNG Galaxy F12 (Celestial Black, 64 GB)",11499,4 GB RAM | 64 GB ROM | Expandable Upto 512 GB16.55 cm (6.515 inch) HD+ Display48MP + 5MP + 2MP + 2MP | 8MP Front Camera6000 mAh Lithium-ion BatteryExynos 850 Processor1 Year Warranty Provided by the Manufacturer from Date of Purchase,4.3
158,"SAMSUNG Galaxy M12 (Blue, 64 GB)",10285,4 GB RAM | 64 GB ROM16.51 cm (6.5 inch) Display48MP Rear Camera6000 mAh Battery1 Year,4.2
159,"REDMI Note 10S (Cosmic Purple, 128 GB)",14999,6 GB RAM | 128 GB ROM | Expandable Upto 512 GB16.33 cm (6.43 inch) Full HD+ Super AMOLED Display64MP + 8MP + 2MP + 2MP | 13MP Front Camera5000 mAh Lithium-Ploymer BatteryMediatek Helio G95 Processor1 Year Manufacturer Warranty for Phone and 6 Months Warranty for In the Box Accessories,4.4
160,SAMSUNG GURU MUSIC 2,1982,8 MB RAM | 0 GB ROM | Expandable Upto 16 GB5.08 cm (2 inch) QVGA Display0MP | 0MP Front Camera800 mAh Battery0 0 0 208MHz Processor1 Year Manufacturer's Warranty,4.2
161,SAMSUNG Guru Music 2 SM-B315E,1999,Expandable Upto 16 GB5.08 cm (2 inch) QVGA Display0MP Front Camera800 mAh Battery0 0 0 208MHz Processor1 Year Manufacturer's Warranty,4.2
162,SAMSUNG Guru Music 2,2090,NA ROM5.08 cm (2 inch) NA Display800 mAh Battery1 Year Manufacturer Warranty,4.3
163,"Infinix Hot 11 2022 (Aurora Green, 64 GB)",9999,4 GB RAM | 64 GB ROM | Expandable Upto 1 TB17.02 cm (6.7 inch) Full HD+ Display13 MP + 2 MP Depth Lens | 8MP Front Camera5000 mAh Li-ion Polymer BatteryUniSoc T610 Processor1 Year on Handset and 6 Months on Accessories,4.2
164,LAVA Hero 600+,890,4 MB RAM | 3 MB ROM | Expandable Upto 32 GB4.57 cm (1.8 inch) QVGA Display620 mAh Lithium-ion Battery1 Year Warranty for Phone and 6 Months Warranty for Accessories in the Box,4.1
165,LAVA Hero 600+,890,4 MB RAM | 3 MB ROM | Expandable Upto 32 GB4.57 cm (1.8 inch) QVGA Display620 mAh Lithium-ion Battery1 Year Warranty for Phone and 6 Months Warranty for Accessories in the Box,4.1
166,"Infinix Hot 11 (Emerald Green, 64 GB)",9999,4 GB RAM | 64 GB ROM | Expandable Upto 256 GB16.76 cm (6.6 inch) Full HD+ Display13MP + Depth Lens | 8MP Front Camera5200 mAh Li-ion Polymer BatteryMediaTek Helio G70 Processor1 Year on Handset and 6 Months on Accessories,4.4
167,"Infinix Smart 5A (Ocean Wave, 32 GB)",7199,2 GB RAM | 32 GB ROM | Expandable Upto 256 GB16.56 cm (6.52 inch) HD+ Display8MP + Depth Sensor | 8MP Front Camera5000 mAh Li-ion Polymer BatteryMediaTek Helio A20 Processor1 Year on Handset and 6 Months on Accessories,4.4
168,"Infinix Smart 5A (Quetzal Cyan, 32 GB)",7199,2 GB RAM | 32 GB ROM | Expandable Upto 256 GB16.56 cm (6.52 inch) HD+ Display8MP + Depth Sensor | 8MP Front Camera5000 mAh Li-ion Polymer BatteryMediaTek Helio A20 Processor1 Year on Handset and 6 Months on Accessories,4.4
169,"Infinix Smart 5A (Midnight Black, 32 GB)",7199,2 GB RAM | 32 GB ROM | Expandable Upto 256 GB16.56 cm (6.52 inch) HD+ Display8MP + Depth Sensor | 8MP Front Camera5000 mAh Li-ion Polymer BatteryMediaTek Helio A20 Processor1 Year on Handset and 6 Months on Accessories,4.4
170,"Infinix Hot 11 (Silver Wave, 64 GB)",9999,4 GB RAM | 64 GB ROM | Expandable Upto 256 GB16.76 cm (6.6 inch) Full HD+ Display13MP + Depth Lens | 8MP Front Camera5200 mAh Li-ion Polymer BatteryMediaTek Helio G70 Processor1 Year on Handset and 6 Months on Accessories,4.4
171,"Infinix Note 11 (Glacier Green, 64 GB)",12499,4 GB RAM | 64 GB ROM | Expandable Upto 512 GB17.02 cm (6.7 inch) Full HD+ AMOLED Display50 MP + 2 MP + AI Lens | 16MP Front Camera5000 mAh Li-ion Polymer BatteryMediatek Helio G88 Processor1 Year on Handset and 6 Months on Accessories,4.3
172,"Infinix Hot 11S (Polar Black, 64 GB)",10999,"4 GB RAM | 64 GB ROM | Expandable Upto 256 GB17.22 cm (6.78 inch) Full HD+ Display50MP + 2MP + AI Lens | 8MP Front Camera5000 mAh Li-ion Polymer BatteryMediaTek Helio G88 Processor90Hz Refresh Rate18W Type C, Fast Charger1 Year on Handset and 6 Months on Accessories",4.3
173,"Infinix Hot 11S (7Â° Purple, 64 GB)",10999,"4 GB RAM | 64 GB ROM | Expandable Upto 256 GB17.22 cm (6.78 inch) Full HD+ Display50MP + 2MP + AI Lens | 8MP Front Camera5000 mAh Li-ion Polymer BatteryMediaTek Helio G88 Processor90Hz Refresh Rate18W Type C, Fast Charger1 Year on Handset and 6 Months on Accessories",4.3
174,SAMSUNG GURU 1200,1509,NA MB ROM3.86 cm (1.52 inch) Display800 mAh Battery1 YEAR,3.9
175,"SAMSUNG Galaxy M32 (Black, 128 GB)",14495,6 GB RAM | 128 GB ROM | Expandable Upto 1 TB16.26 cm (6.4 inch) Full HD+ Display64MP + 8MP + 2MP + 2MP | 20MP Front Camera6000 mAh BatteryMediaTek Helio G80 Processor1 Year Manufacturer Warranty for Device and 6 Months Manufacturer Warranty for In-box Accessories Including Batteries from the Date of Purchase,4.3
176,Nokia 105 SS,1444,32 MB RAM | 32 MB ROM4.5 cm (1.77 inch) QVGA Display0MP Front Camera800 mAh Lithium Ion BatterySC6531E Processor1 Year Manufacturer Warranty for Device and 6 Months Manufacturer Warranty for In-box Accessories Including Battery from the Date of Purchase,4.2
177,"SAMSUNG Galaxy F12 (Sky Blue, 64 GB)",11499,4 GB RAM | 64 GB ROM | Expandable Upto 512 GB16.55 cm (6.515 inch) HD+ Display48MP + 5MP + 2MP + 2MP | 8MP Front Camera6000 mAh Lithium-ion BatteryExynos 850 Processor1 Year Warranty Provided by the Manufacturer from Date of Purchase,4.3
178,"SAMSUNG Galaxy F23 5G (Aqua Blue, 128 GB)",15999,4 GB RAM | 128 GB ROM | Expandable Upto 1 TB16.76 cm (6.6 inch) Full HD+ Display50MP + 8MP + 2MP | 8MP Front Camera5000 mAh Lithium Ion BatteryQualcomm Snapdragon 750G Processor1 Year Warranty Provided by the Manufacturer from Date of Purchase,4
179,"MOTOROLA G40 Fusion (Dynamic Gray, 128 GB)",14499,6 GB RAM | 128 GB ROM17.22 cm (6.78 inch) Full HD+ Display64MP + 8MP + 2MP | 16MP Front Camera6000 mAh BatteryQualcomm Snapdragon 732G Processor120Hz Refresh RateStock Android Experience1 Year on Handset and 6 Months on Accessories,4.3
180,"REDMI 10 (Caribbean Green, 128 GB)",12499,6 GB RAM | 128 GB ROM | Expandable Upto 1 TB17.02 cm (6.7 inch) HD+ Display50MP + 2MP | 5MP Front Camera6000 mAh Lithium Polymer BatteryQualcomm Snapdragon 680 Processor1 Year Warranty for Phone and 6 Months Warranty for In-Box Accessories,4.2
181,"REDMI Note 10S (Shadow Black, 128 GB)",14999,6 GB RAM | 128 GB ROM | Expandable Upto 512 GB16.33 cm (6.43 inch) Full HD+ Super AMOLED Display64MP + 8MP + 2MP + 2MP | 13MP Front Camera5000 mAh Lithium-Ploymer BatteryMediatek Helio G95 Processor1 Year Manufacturer Warranty for Phone and 6 Months Warranty for In the Box Accessories,4.4
182,"REDMI Note 10 Pro (Dark Night, 128 GB)",15999,6 GB RAM | 128 GB ROM | Expandable Upto 512 GB16.94 cm (6.67 inch) Full HD+ Super AMOLED Display64MP + 8MP + 5MP + 2MP | 16MP Front Camera5020 mAh Li-Polymer BatteryQualcomm Snapdragon 732G Processor1 Year Manufacturer Warranty for Phone and 6 Months Warranty for In the Box Accessories,4.3
183,SAMSUNG Guru Music 2,1999,NA ROM5.08 cm (2 inch) NA Display800 mAh Battery1 Year Manufacturer Warranty,4.3
184,"Infinix Hot 11S (Green Wave, 128 GB)",11999,4 GB RAM | 128 GB ROM | Expandable Upto 256 GB17.22 cm (6.78 inch) Full HD+ Display50 MP + 2 MP + AI Lens | 8MP Front Camera5000 mAh Li-ion Polymer BatteryMediatek Helio G88 Processor1 Year on Handset and 6 Months on Accessories,4.3
185,"SAMSUNG Galaxy M52 5G (Icy Blue, 128 GB)",24989,8 GB RAM | 128 GB ROM | Expandable Upto 1 TB17.02 cm (6.7 inch) Full HD+ Display64MP + 12MP + 5MP | 32MP Front Camera5000 mAh BatteryQualcomm SM7325 Snapdragon Processor1 Year Warranty Provided by the Manufacturer from Date of Purchase,4.3
186,Nokia 105 SS 2021,1414,4 MB RAM | 4 MB ROM4.5 cm (1.77 inch) Quarter QVGA Display800 mAh Lithium Ion BatteryBrand Warranty of 1 Year Available for Mobile,4.2
187,"REDMI 10 Prime (Astral White, 128 GB)",14232,6 GB RAM | 128 GB ROM | Expandable Upto 512 GB16.51 cm (6.5 inch) Full HD Display50MP + 8MP + 2MP + 2MP | 8MP Front Camera6000 mAh BatteryHelio G88 Processor1 Year Manufacturer Warranty for Handset and 6 Months Warranty for In the Box Accessories,4.2
188,"realme C25Y (Glacier Blue, 64 GB)",10999,4 GB RAM | 64 GB ROM | Expandable Upto 256 GB16.51 cm (6.5 inch) HD+ Display50MP + 2MP + 2MP | 8MP Front Camera5000 mAh BatteryUnisoc T610 Octa Core Processor1 Year Warranty for Mobile and 6 Months for Accessories,4.5
189,"realme C25Y (Metal Grey, 64 GB)",10999,4 GB RAM | 64 GB ROM | Expandable Upto 256 GB16.51 cm (6.5 inch) HD+ Display50MP + 2MP + 2MP | 8MP Front Camera5000 mAh BatteryUnisoc T610 Octa Core Processor1 Year Warranty for Mobile and 6 Months for Accessories,4.5
190,"POCO M4 Pro 5G (Power Black, 128 GB)",16999,"6 GB RAM | 128 GB ROM | Expandable Upto 1 TB16.76 cm (6.6 inch) Full HD+ Display50MP + 8MP | 16MP Front Camera5000 mAh Lithium-ion Polymer BatteryMediatek Dimensity 810 ProcessorOne Year for Handset, 6 Months for Accessories",4.3
191,"realme 9 5G (Meteor Black, 128 GB)",17549,6 GB RAM | 128 GB ROM | Expandable Upto 1 TB16.51 cm (6.5 inch) Full HD+ Display48MP + 2MP + 2MP | 16MP Front Camera5000 mAh Lithium Polymer BatteryMediatek Dimensity 810 Processor1 Year Warranty for Phone and 6 Months Warranty for In-Box Accessories,4.3
192,"realme 9 5G (Stargaze White, 64 GB)",16049,4 GB RAM | 64 GB ROM | Expandable Upto 1 TB16.51 cm (6.5 inch) Full HD+ Display48MP + 2MP + 2MP | 16MP Front Camera5000 mAh Lithium Polymer BatteryMediatek Dimensity 810 Processor1 Year Warranty for Phone and 6 Months Warranty for In-Box Accessories,4.4
193,LAVA A3 Power,1299,32 MB RAM | 24 MB ROM | Expandable Upto 32 GB4.5 cm (1.77 inch) Quarter QVGA Display0.3MP Rear Camera2575 mAh Li-ion Battery1 Year Manufacturer Replacement Guarantee for Phone and 6 Months Replacement for Accessories In the Box,4.2
194,LAVA A3 Power,1499,0 GB ROM | Expandable Upto 32 GB4.5 cm (1.77 inch) Quarter QVGA Display0.3MP Rear Camera2575 mAh Li-ion Battery1 Year Manufacturer Replacement Guarantee for Phone and 6 Months Replacement for Accessories In the Box,4.2
195,GFive U707,725,32 MB RAM | 32 MB ROM | Expandable Upto 16 GB4.57 cm (1.8 inch) Display0.3MP Rear Camera1000 mAh Battery1 Year Manufacturer warranty.,3.6
196,"POCO M4 Pro 5G (Cool Blue, 128 GB)",16999,"6 GB RAM | 128 GB ROM | Expandable Upto 1 TB16.76 cm (6.6 inch) Full HD+ Display50MP + 8MP | 16MP Front Camera5000 mAh Lithium-ion Polymer BatteryMediatek Dimensity 810 ProcessorOne Year for Handset, 6 Months for Accessories",4.3
197,Motorola a10,1349,0 MB ROM | Expandable Upto 32 GB4.57 cm (1.8 inch) Quarter QVGA Display1750 mAh Battery2 Year Replacement,4.1
198,"REDMI 9 Activ (Carbon Black, 128 GB)",11365,6 GB RAM | 128 GB ROM16.51 cm (6.5 inch) Display13MP Rear Camera5000 mAh BatteryBrand Warranty of 1 Year Available for Mobile and 6 Months for Accessories,4.2
199,Nokia 5310 TA-1212 DS,3549,8 MB RAM | 16 MB ROM | Expandable Upto 32 GB6.1 cm (2.4 inch) Display0.3MP Rear Camera1200 mAh Lithium-ion BatteryMT6260A Processor1 Year Manufacturer Warranty for Device and 6 Months Manufacturer Warranty for In-box Accessories Including Batteries from the Date of Purchase,4.2
200,"vivo Y21A (Midnight Blue, 64 GB)",13490,4 GB RAM | 64 GB ROM | Expandable Upto 1 TB16.54 cm (6.51 inch) HD+ Display13MP + 2MP | 8MP + 8MP Dual Front Camera5000 mAh BatteryMediatek Helio P22 Processor1 Year for Handset and 6 Months for Inbox Accessories,4.3
201,Kechaoda A26,1299,32 MB RAM | 32 MB ROM | Expandable Upto 16 GB1.68 cm (0.66 inch) Display800 mAh Battery1 Year Company Warranty,4.1
202,"vivo Y15s (Wave Green, 32 GB)",10490,3 GB RAM | 32 GB ROM | Expandable Upto 1 TB16.54 cm (6.51 inch) HD+ Display13MP + 2MP | 8MP Front Camera5000 mAh Lithium Battery BatteryMediatek Helio P35 Processor1 Year for Device & 6 Months for In-Box Accessories,4.3
203,"POCO X4 Pro 5G (Laser Blue, 128 GB)",19999,"6 GB RAM | 128 GB ROM | Expandable Upto 1 TB16.94 cm (6.67 inch) Full HD+ Super AMOLED Display64MP + 8MP + 2MP | 16MP Front Camera5000 mAh Lithium-ion Polymer BatteryQualcomm Snapdragon 695 5G ProcessorOne Year for Handset, 6 Months for Accessories",4
204,"vivo Y15s (Mystic Blue, 32 GB)",10490,3 GB RAM | 32 GB ROM | Expandable Upto 1 TB16.54 cm (6.51 inch) HD+ Display13MP + 2MP | 8MP Front Camera5000 mAh Lithium Battery BatteryMediatek Helio P35 Processor1 Year for Device & 6 Months for In-Box Accessories,4.3
205,"Infinix Hot 11S (Green Wave, 64 GB)",10999,"4 GB RAM | 64 GB ROM | Expandable Upto 256 GB17.22 cm (6.78 inch) Full HD+ Display50MP + 2MP + AI Lens | 8MP Front Camera5000 mAh Li-ion Polymer BatteryMediaTek Helio G88 Processor90Hz Refresh Rate18W Type C, Fast Charger1 Year on Handset and 6 Months on Accessories",4.3
206,Nokia 105 TA-1416 DS,1505,32 MB RAM | 32 MB ROM4.5 cm (1.77 inch) QVGA Display0MP Front Camera800 mAh Lithium Ion BatterySC6531E Processor1 Year Manufacturer Warranty for Device and 6 Months Manufacturer Warranty for In-box Accessories Including Battery from the Date of Purchase,4.1
207,"MOTOROLA g22 (Mint Green, 64 GB)",10999,4 GB RAM | 64 GB ROM | Expandable Upto 1 TB16.51 cm (6.5 inch) HD+ Display50MP + 8MP + 2MP + 2MP | 16MP Front Camera5000 mAh Lithium Ion BatteryMediatek Helio G37 Processor1 Year on Handset and 6 Months on Accessories,3.3
208,Itel Ace 2,869,4 MB RAM | 4 MB ROM | Expandable Upto 32 GB4.57 cm (1.8 inch) Quarter QVGA Display0MP Front Camera1000 mAh Lithium Ion BatterySpreadtrum Processor12+1 Month Warranty on Device and 6 Months on Accessories Including Battery,4
209,Nokia 150 DS 2020,2595,4 MB RAM | 4 MB ROM | Expandable Upto 32 GB6.1 cm (2.4 inch) Display0.3MP Rear Camera1020 mAh Lithium-ion BatteryMediaTek Processor1 Year Manufacturer Warranty for Device and 6 Months Manufacturer Warranty for In-box Accessories Including Batteries from the Date of Purchase,4.1
210,"SAMSUNG Galaxy M33 5G (Mystique Green, 128 GB)",16773,6 GB RAM | 128 GB ROM16.76 cm (6.6 inch) Display50MP Rear Camera6000 mAh Battery12 months,4
211,"vivo Y33T (Mirror Black, 128 GB)",17990,8 GB RAM | 128 GB ROM | Expandable Upto 1 TB16.71 cm (6.58 inch) Full HD+ Display50MP + 2MP + 2MP | 16MP Front Camera5000 mAh Lithium BatteryQualcomm Snapdragon 680 Processor1 Year Manufacturer Warranty for Phone and 6 Months Warranty for In the Box Accessories,4.4
212,DIZO Star 500,1350,32 MB RAM | 32 MB ROM | Expandable Upto 64 GB7.11 cm (2.8 inch) QVGA Display0.3MP Rear Camera1900 mAh BatterySC6531E Processor1 Year Warranty,3.9
213,"POCO M4 5G (Power Black, 128 GB)",14999,6 GB RAM | 128 GB ROM | Expandable Upto 512 GB16.71 cm (6.58 inch) Full HD+ Display50MP + 2MP | 8MP Front Camera5000 mAh Lithium Ion Polymer BatteryMediatek Dimensity 700 Processor1 Year Warranty for Handset and 6 Months for Accessories,4.1
214,DIZO Star 300,1299,32 MB RAM | 32 MB ROM | Expandable Upto 64 GB4.5 cm (1.77 inch) Quarter QVGA Display0.3MP Rear Camera2550 mAh BatterySC6531E Processor1 Year Warranty,3.9
215,"OnePlus Nord CE 2 Lite 5G (Black Dusk, 128 GB)",19941,6 GB RAM | 128 GB ROM16.74 cm (6.59 inch) Display64MP Rear Camera5000 mAh Battery12 months,4.5
216,"Redmi 9A (Midnight Black, 32 GB)",8262,3 GB RAM | 32 GB ROM | Expandable Upto 512 GB16.59 cm (6.53 inch) HD+ Display13MP Rear Camera | 5MP Front Camera5000 mAh BatteryMediaTek Helio G25 Processor1 year manufacturer warranty for device and 6 months manufacturer warranty for in-box accessories including batteries from the date of purchase,4.3
217,"Redmi 9A (Nature Green, 32 GB)",6987,2 GB RAM | 32 GB ROM16.59 cm (6.53 inch) Full HD+ Display13MP Rear Camera5000 mAh Battery1 Year  Manufacturer Warranty,4.3
218,"Redmi 9A (Nature Green, 32 GB)",7695,3 GB RAM | 32 GB ROM | Expandable Upto 512 GB16.59 cm (6.53 inch) HD+ Display13MP Rear Camera | 5MP Front Camera5000 mAh BatteryMediaTek Helio G25 Processor1 year manufacturer warranty for device and 6 months manufacturer warranty for in-box accessories including batteries from the date of purchase,4.3
219,"Redmi 9A (SeaBlue, 32 GB)",6989,2 GB RAM | 32 GB ROM16.59 cm (6.53 inch) Full HD+ Display13MP Rear Camera5000 mAh Battery1 Year Manufacturer  Warranty,4.3
220,"REDMI 9 Activ (Metallic Purple, 128 GB)",11565,6 GB RAM | 128 GB ROM16.51 cm (6.5 inch) Display13MP Rear Camera5000 mAh BatteryBrand Warranty of 1 Year Available for Mobile and 6 Months for Accessories,4.2
221,"Itel Magic2 4G( WiFi,Hotspot Tethering)",2399,"64 MB RAM | 128 MB ROM | Expandable Upto 64 GB6.1 cm (2.4 inch) QVGA Display1.3MP Rear Camera1900 mAh Lithium ion BatteryUnisoc T117 Processor1 Year Warranty, 100 Days Replacement within 1 Year of Phone Warranty, 6 Months on Accessories and One time Screen Replacement within 365 Days.",4
222,Kechaoda A26,1299,32 MB RAM | 32 MB ROM | Expandable Upto 16 GB1.68 cm (0.66 inch) Display800 mAh Battery1 Year Company Warranty,4.1
223,"POCO M4 5G (Yellow, 64 GB)",12999,4 GB RAM | 64 GB ROM | Expandable Upto 512 GB16.71 cm (6.58 inch) Full HD+ Display50MP + 2MP | 8MP Front Camera5000 mAh Lithium Ion Polymer BatteryMediatek Dimensity 700 Processor1 Year Warranty for Handset and 6 Months for Accessories,4.3
224,Kechaoda A26,1299,32 MB RAM | 32 MB ROM | Expandable Upto 16 GB1.68 cm (0.66 inch) Display800 mAh Battery1 Year Company Warranty,4.1
225,"SAMSUNG Galaxy F23 5G (Copper Blush, 128 GB)",15999,4 GB RAM | 128 GB ROM | Expandable Upto 1 TB16.76 cm (6.6 inch) Full HD+ Display50MP + 8MP + 2MP | 8MP Front Camera5000 mAh Lithium Ion BatteryQualcomm Snapdragon 750G Processor1 Year Warranty Provided by the Manufacturer from Date of Purchase,4
226,"POCO X4 Pro 5G (Yellow, 128 GB)",19999,"6 GB RAM | 128 GB ROM | Expandable Upto 1 TB16.94 cm (6.67 inch) Full HD+ Super AMOLED Display64MP + 8MP + 2MP | 16MP Front Camera5000 mAh Lithium-ion Polymer BatteryQualcomm Snapdragon 695 5G ProcessorOne Year for Handset, 6 Months for Accessories",4
227,"SAMSUNG Galaxy F12 (Sea Green, 128 GB)",12499,4 GB RAM | 128 GB ROM | Expandable Upto 512 GB16.55 cm (6.515 inch) HD+ Display48MP + 5MP + 2MP + 2MP | 8MP Front Camera6000 mAh Lithium-ion BatteryExynos 850 Processor1 Year Warranty Provided by the Manufacturer from Date of Purchase,4.3
228,Itel Ace 2,869,4 MB RAM | 4 MB ROM | Expandable Upto 32 GB4.57 cm (1.8 inch) Quarter QVGA Display0MP Front Camera1000 mAh Lithium Ion BatterySpreadtrum Processor12+1 Month Warranty on Device and 6 Months on Accessories Including Battery,4
229,Micromax X818,1448,32 MB RAM | 32 MB ROM7.11 cm (2.8 inch) Display0.3MP Rear Camera1450 mAh BatteryOne Year manufacturer Warranty,4
230,"Infinix Hot 11 2022 (Sunset Gold, 64 GB)",9999,4 GB RAM | 64 GB ROM | Expandable Upto 1 TB17.02 cm (6.7 inch) Full HD+ Display13 MP + 2 MP Depth Lens | 8MP Front Camera5000 mAh Li-ion Polymer BatteryUniSoc T610 Processor1 Year on Handset and 6 Months on Accessories,4.2
231,"Infinix Hot 11 2022 (Polar Black, 64 GB)",9999,4 GB RAM | 64 GB ROM | Expandable Upto 1 TB17.02 cm (6.7 inch) Full HD+ Display13 MP + 2 MP Depth Lens | 8MP Front Camera5000 mAh Li-ion Polymer BatteryUniSoc T610 Processor1 Year on Handset and 6 Months on Accessories,4.2
232,LAVA 34 Ultra,1599,24 MB RAM | 32 MB ROM | Expandable Upto 64 GB6.1 cm (2.4 inch) Display0.8MP Rear Camera2575 mAh Li-ion Battery1 Year Manufacturer Replacement Guarantee for Phone and 6 Months Replacement for Accessories In the Box,4.1
233,Micromax X778,1420,32 MB RAM | 32 MB ROM6.1 cm (2.4 inch) Display0.3MP Rear Camera2700 mAh BatteryOne Year manufacturer Warranty,4.1
234,"MOTOROLA G40 Fusion (Frosted Champagne, 128 GB)",14499,6 GB RAM | 128 GB ROM17.22 cm (6.78 inch) Full HD+ Display64MP + 8MP + 2MP | 16MP Front Camera6000 mAh BatteryQualcomm Snapdragon 732G Processor120Hz Refresh RateStock Android Experience1 Year on Handset and 6 Months on Accessories,4.3
235,Nokia 105 DS 2020,1445,4 MB RAM | 4 MB ROM4.5 cm (1.77 Inch) Quarter QVGA Display800 mAh3 Li-ion BatteryBrand Warranty of 1 Year Available for Mobile from Date of Purchase,4.2
236,"Infinix Note 11 (Graphite Black, 64 GB)",12499,4 GB RAM | 64 GB ROM | Expandable Upto 512 GB17.02 cm (6.7 inch) Full HD+ AMOLED Display50 MP + 2 MP + AI Lens | 16MP Front Camera5000 mAh Li-ion Polymer BatteryMediatek Helio G88 Processor1 Year on Handset and 6 Months on Accessories,4.3
237,"SAMSUNG Galaxy M12 (White, 64 GB)",10861,4 GB RAM | 64 GB ROM16.51 cm (6.5 inch) Display48MP Rear Camera6000 mAh Battery1 Year,4.2
238,"Infinix Note 11 (Celestial Snow, 64 GB)",12499,4 GB RAM | 64 GB ROM | Expandable Upto 512 GB17.02 cm (6.7 inch) Full HD+ AMOLED Display50 MP + 2 MP + AI Lens | 16MP Front Camera5000 mAh Li-ion Polymer BatteryMediatek Helio G88 Processor1 Year on Handset and 6 Months on Accessories,4.3
239,"realme 9 Pro 5G (Sunrise Blue, 128 GB)",22049,8 GB RAM | 128 GB ROM | Expandable Upto 256 GB16.76 cm (6.6 inch) Full HD+ Display64MP + 8MP + 2MP | 16MP Front Camera5000 mAh Li-ion BatteryQualcomm Snapdragon 695 Processor1 Year Warranty for Phone and 6 Months Warranty for In-Box Accessories,4.3
